3557093	C	[T]
767339	A	[G]
1519164	C	[T]
4079852	A	[C]
2976564	C	[G]
3964067	G	[A]
3850197	G	[A]
316497	G	[T]
842030	C	[T]
2059529	C	[T]
2142266	C	[A]
65394	C	[A]
4168330	G	[A]
1241507	C	[T]
2725761	A	[C]
2207525	C	[T]
1999264	A	[G]
1789860	T	[C]
3084375	G	[A]
2245149	G	[T]
131225	G	[C]
4338794	T	[C]
2038699	C	[T]
1946731	G	[A]
2594951	G	[C]
2850631	T	[C]
4199024	C	[G]
3557253	C	[T]
2153184	T	[G]
4216342	C	[A]
752802	A	[C]
467426	G	[A]
2398452	A	[G]
4328376	C	[G]
563435	A	[G]
3494024	A	[G]
4348796	CA	[C]
2745739	G	[A]
3892169	C	[G]
2453657	GCC	[G]
3798732	G	[C]
895761	G	[T]
3435662	C	[G]
622663	A	[G]
2492383	A	[G]
3556832	C	[T]
1977	A	[G]
1589311	T	[G]
2639031	ACGC	[A]
2268627	G	[C]
978278	C	[G]
942616	C	[A]
630018	A	[G]
2573793	A	[C]
1340640	C	[T]
1774659	C	[T]
41939	G	[A]
1984819	G	[T]
3770688	C	[T]
3202130	G	[A]
2479912	A	[G]
1159808	C	[T]
139954	A	[C]
1176148	C	[T]
2012024	T	[G]
736295	G	[A]
1357075	A	[G]
2393388	G	[A]
3184760	G	[T]
3509626	C	[A]
4075957	C	[A]
2827102	C	[T]
4053161	A	[G]
1992792	C	[T]
3892592	G	[A]
4393276	GC	[G]
147873	A	[C]
3468392	G	[A]
1176207	C	[T]
1526311	G	[T]
3875386	G	[A]
3822042	A	[AC]
2434822	A	[G]
2656193	T	[C]
4376111	AC	[A]
1606248	T	[G]
1622763	C	[T]
789561	A	[T]
1057990	G	[A]
3550347	C	[T]
4387212	C	[T]
1370852	T	[G]
3081599	G	[A]
4278337	G	[C]
2965359	G	[T]
2829918	T	[CG]
769647	C	[T]
2307681	GT	[G]
3675108	G	[C]
3389054	G	[C]
336535	TGTTGG	[GGGTGT]
3683037	C	[T]
3363322	C	[G]
1807823	C	[T]
809840	G	[GC]
2917801	A	[C]
1728460	A	[C]
1696499	G	[GCGGT]
3607084	C	[T]
2401974	C	[T]
2850945	C	[T]
3874745	G	[C]
2307586	CGTCG	[C]
503213	T	[C]
3379763	G	[A]
2733047	G	[C]
3059829	G	[GA]
333394	C	[G]
449395	C	[G]
2632362	T	[C]
2945199	TTCCGCC	[CTGCGTT]
1174782	G	[A]
2532123	G	[C]
139850	T	[A]
2141930	C	[T]
1617833	C	[T]
1200642	C	[T]
1891101	CA	[C]
476319	C	[T]
4323302	T	[C]
931975	CGACGT	[C]
1077914	TG	[T]
2139052	C	[T]
3489340	C	[G]
1708799	G	[T]
3302980	T	[C]
2881740	G	[T]
1348667	G	[C]
2263156	G	[A]
2925462	T	[A]
832720	C	[T]
3232703	G	[A]
747983	G	[A]
2726105	G	[A]
4190532	A	[C]
3907255	C	[G]
4291611	T	[C]
3016852	G	[A]
1272010	C	[T]
3174692	AC	[A]
2424983	A	[G]
3494323	C	[G]
3319485	G	[A]
537189	C	[T]
1023911	C	[G]
2053411	G	[C]
3767264	A	[G]
328569	G	[C]
3987370	CG	[C]
4196579	C	[T]
2532070	G	[C]
1672403	C	[T]
824772	A	[T]
3715775	C	[T]
629825	A	[C]
1735903	A	[G]
405854	C	[G]
3942377	C	[T]
2240062	C	[G]
1113733	C	[A]
336546	T	[G]
4212155	G	[T]
3580571	G	[T]
1694050	T	[G]
924300	G	[A]
3861443	G	[C]
1177249	A	[G]
4059904	A	[G]
79479	T	[C]
3015072	T	[C]
3874188	G	[A]
3965767	G	[A]
2575350	T	[G]
3862553	A	[C]
2234247	C	[CG]
79020	A	[G]
2234062	C	[T]
532265	AAT	[A]
3811672	GTAA	[TTAG]
172185	A	[G]
3921027	C	[G]
2453405	T	[C]
2030487	CAT	[TCA]
1701	T	[C]
1164010	C	[T]
3957499	G	[A]
688219	GCAAGGTCGC	[G]
4121184	C	[T]
982639	C	[T]
331690	G	[A]
1216365	T	[TGTGCATTCTGTCCATGGGAAAC]
3363222	G	[A]
361161	T	[C]
236512	C	[T]
384513	A	[G]
336413	T	[TG]
157756	G	[A]
1060609	T	[C]
1160270	A	[G]
382489	C	[T]
2945167	G	[T]
1211542	A	[C]
171167	A	[AC]
336348	C	[T]
1008942	T	[C]
2881128	G	[A]
640954	A	[G]
3509558	G	[C]
3956308	C	[A]
2017560	A	[T]
2719580	T	[C]
684391	CT	[C]
1327550	C	[T]
2522266	G	[C]
11637	C	[T]
4264560	G	[A]
580772	TGGGGGCACCACCCGCTTGCGGGGGA	[AG]
258864	C	[G]
932975	C	[A]
3964442	C	[A]
4319985	G	[C]
3913370	G	[A]
99604	C	[G]
88176	A	[G]
778979	C	[A]
2072445	C	[T]
333169	C	[T]
3858247	C	[T]
177506	T	[G]
1995944	C	[T]
1039927	T	[C]
970476	C	[G]
2137542	G	[A]
1014446	C	[T]
226756	G	[C]
2487490	AG	[A]
2108838	C	[T]
2551576	CT	[GC]
4278106	G	[A]
759746	C	[T]
2260955	GGTC	[G]
1906312	T	[C]
1165580	G	[A]
1164571	A	[G]
131174	T	[TG]
604521	C	[A]
3710363	G	[GA]
999415	T	[TTCAGCTATAAGCACTTA]
1900021	C	[T]
819831	C	[T]
13091	C	[T]
3895819	G	[A]
2634282	T	[G]
424250	A	[G]
767609	A	[G]
3511368	G	[T]
1789933	G	[A]
1425319	G	[A]
1634806	C	[T]
875363	C	[G]
4012286	C	[T]
2368647	C	[T]
3059811	CT	[C]
1287100	G	[A]
137265	C	[T]
2637472	T	[C]
2207219	T	[TG]
4099344	T	[C]
510675	G	[T]
3457283	G	[C]
3942239	C	[A]
2704588	C	[T]
2959257	ATCCAATCA	[T]
2074509	C	[G]
1779078	G	[T]
100465	C	[G]
2326858	C	[A]
2976568	C	[A]
3315177	G	[A]
4056430	T	[C]
2218051	C	[T]
2626197	A	[G]
3011914	G	[A]
1190472	C	[T]
3895691	C	[G]
1023883	G	[A]
3964293	G	[T]
2225237	TA	[CC]
2522284	G	[A]
96900	C	[T]
33994	G	[C]
302691	C	[A]
2187296	G	[A]
480233	C	[CA]
947499	A	[G]
3594237	G	[A]
1287068	C	[T]
3846590	C	[T]
739262	C	[T]
2131886	T	[G]
2055550	A	[C]
3930896	G	[A]
3214481	G	[T]
840917	T	[C]
333218	G	[C]
2726141	C	[T]
1622092	C	[T]
3595665	A	[C]
2692100	C	[T]
4214988	G	[A]
3336561	TA	[T]
218596	T	[C]
1606357	GT	[G]
1215742	GC	[AA]
1891112	A	[G]
3380534	A	[G]
595399	AT	[A]
3841473	C	[T]
3632054	T	[C]
3431407	G	[T]
4197138	C	[CT]
1241572	A	[G]
3571262	G	[A]
302715	C	[CA]
4087495	A	[G]
342061	G	[C]
397386	C	[T]
4382933	A	[C]
565451	C	[T]
4095320	G	[A]
1061676	GTGC	[G]
1918	C	[T]
2489316	A	[G]
11190	G	[C]
1673405	TC	[T]
2617610	C	[T]
1526328	A	[C]
909501	A	[G]
4149947	C	[A]
2881974	G	[A]
888992	AACCTCAACACCCCCTCAAGTGAAGGAGG	[A]
4322185	G	[A]
3875550	C	[G]
874323	T	[A]
2552592	A	[C]
1453183	C	[A]
3597879	T	[C]
257844	T	[G]
1253073	G	[C]
1656917	T	[G]
3173107	G	[A]
2632739	G	[A]
3781421	G	[A]
3846842	GCAAAGGACGCTAAGGCAT	[TCGCGGACAGCAAGACAG]
1946999	T	[G]
3059820	GCA	[TGC]
2468180	G	[A]
2261241	A	[G]
2881569	A	[G]
1364348	G	[GC]
2715346	G	[A]
1731293	C	[G]
1561411	G	[A]
3907451	C	[T]
1341295	A	[G]
1757541	A	[G]
3312069	G	[T]
4107264	C	[T]
3025431	C	[T]
455605	A	[C]
2261479	G	[A]
1177184	C	[A]
3132784	G	[A]
3102253	G	[A]
2453681	CCGC	[GTGG]
258682	A	[G]
754600	G	[A]
4235277	C	[G]
2089635	C	[A]
1169181	G	[A]
2207484	G	[A]
4098067	T	[C]
3243355	T	[C]
4320444	G	[A]
1470261	G	[A]
749968	T	[C]
1793790	A	[C]
684355	TG	[T]
2049666	T	[G]
1666796	C	[T]
196698	C	[T]
916350	G	[A]
2404133	C	[T]
1673423	G	[T]
921810	AGGC	[CGGG]
932074	A	[G]
3489475	T	[G]
132954	C	[G]
3772600	G	[A]
2715344	G	[A]
2737017	G	[A]
4088555	G	[C]
3135762	C	[T]
3968986	G	[C]
1050498	G	[T]
1164361	G	[A]
4215001	C	[A]
1582051	T	[C]
4056433	A	[G]
612768	G	[A]
1852176	CT	[C]
2546462	G	[A]
1096567	A	[G]
1957346	T	[C]
3288133	A	[G]
1094413	GCC	[CCT]
3594344	G	[A]
2966445	C	[T]
2047426	CGCTAACTTCCCGTCTC	[A]
306364	TG	[T]
2725803	C	[T]
4121674	T	[G]
2289252	T	[A]
4061892	G	[A]
4056480	GT	[G]
1828000	G	[A]
3073679	C	[A]
1306045	C	[T]
1384259	A	[G]
396130	C	[T]
875634	A	[G]
3120110	A	[C]
2881714	A	[G]
3290535	T	[C]
2626204	T	[C]
1992751	T	[A]
1987628	G	[A]
4310958	G	[A]
944222	C	[G]
2573756	C	[A]
3119179	G	[A]
3335775	A	[C]
472711	T	[TTTGTGGGCC]
4012351	G	[T]
4359864	C	[CG]
3883467	A	[G]
1894838	A	[G]
467374	TAGGA	[T]
277813	C	[T]
4169830	G	[A]
4124349	GCC	[G]
2363294	A	[G]
2072409	A	[C]
2207531	G	[A]
2032115	A	[G]
25610	G	[C]
3381081	C	[T]
4182932	G	[A]
2422061	A	[G]
2705561	A	[G]
1445430	C	[A]
302142	T	[G]
3059791	G	[C]
3243630	G	[A]
2581971	G	[A]
3597958	G	[C]
2113087	A	[C]
3595483	A	[ACTGGCAGCGTAGT]
2434749	C	[T]
3894015	C	[T]
3548984	T	[C]
1669158	T	[C]
1276232	C	[A]
4094613	A	[G]
2170981	T	[C]
4318545	T	[TA]
955011	A	[G]
2963546	T	[C]
4336090	A	[AT]
542959	C	[T]
1034758	C	[T]
3878630	CG	[C]
4129113	T	[C]
295731	T	[C]
1221889	GC	[G]
3011837	A	[G]
4056487	T	[CC]
558830	A	[G]
2534186	C	[T]
3549089	G	[T]
2219567	A	[C]
4314028	G	[T]
2839985	G	[A]
542091	G	[A]
4217102	TA	[GG]
1231633	C	[T]
4062278	T	[TA]
1231587	C	[T]
1281984	G	[A]
455623	CT	[C]
1151706	C	[T]
2881898	G	[C]
781421	C	[A]
1056916	T	[G]
503257	T	[C]
3310626	T	[C]
3798596	A	[G]
96899	G	[T]
3406257	G	[A]
122215	A	[G]
3554259	G	[A]
3411154	A	[G]
1075167	GCAT	[G]
1941852	G	[T]
1253062	G	[A]
3379751	A	[C]
542980	A	[C]
2822416	C	[G]
3119626	GGTTTCCGTCCCCTCTCGGGGTTTTGGGTCTGACGACAGGGCACTGGACCTGTATGAGGCACAGATGGCGTACTA	[G]
63039	C	[T]
3189580	T	[C]
4336774	C	[T]
2726145	G	[A]
140215	C	[T]
31894	C	[T]
23854	A	[G]
835012	A	[T]
3501783	G	[T]
3168454	G	[T]
3023518	AT	[A]
4099315	C	[A]
2000536	C	[T]
1998626	C	[G]
686819	C	[A]
1660652	GA	[TT]
753668	C	[T]
3540827	C	[T]
1206490	G	[GGGC]
4317746	C	[T]
3379390	A	[C]
2968468	G	[C]
3907496	G	[A]
4364826	G	[C]
4212248	G	[A]
1169222	C	[T]
3336587	T	[A]
3799068	G	[A]
2541577	A	[G]
1895109	G	[A]
2594301	C	[T]
328464	C	[T]
1735739	T	[C]
3876881	A	[G]
3633659	C	[A]
3379432	T	[C]
3243616	C	[A]
2332955	A	[G]
2832701	C	[T]
838105	T	[G]
1178910	C	[A]
1453006	C	[T]
1175343	C	[T]
2594268	T	[C]
1094538	T	[G]
4057036	A	[G]
3778396	C	[T]
1163840	CG	[C]
1894218	G	[A]
3849962	G	[A]
323306	A	[G]
829719	G	[A]
63097	G	[A]
4320269	T	[G]
4169719	C	[T]
3753414	TC	[G]
188861	G	[A]
1928725	AG	[A]
1445977	C	[T]
2719057	G	[A]
2715342	C	[T]
4121112	C	[A]
3511587	T	[G]
333363	C	[A]
26959	C	[G]
467223	C	[T]
196819	G	[A]
3546867	C	[G]
591505	C	[A]
1998701	A	[G]
2137903	G	[A]
1094472	G	[A]
1733047	G	[A]
2555900	G	[T]
4243190	G	[C]
3494820	CG	[C]
1241192	CG	[C]
3880239	C	[CGTCCGGCTCCTCCTCGGACCACTACGCGGCCCGCATCGTCGCCGACCAAATCCAACT]
3457895	A	[G]
99301	C	[T]
3187987	C	[T]
4234760	G	[C]
3846704	A	[G]
3307453	C	[T]
3189948	C	[T]
3098939	G	[C]
2821620	G	[A]
1638364	C	[T]
4198190	C	[T]
2130514	C	[T]
2794071	G	[A]
1789990	C	[A]
1164336	G	[A]
4338563	C	[A]
3315213	T	[C]
1561387	A	[C]
1133310	T	[A]
96894	C	[T]
2049772	A	[ACC]
1644362	C	[T]
2402765	G	[A]
3942481	C	[G]
2782310	C	[G]
905087	TG	[T]
2775223	C	[T]
2032173	C	[A]
144024	C	[A]
3356740	GA	[G]
3027019	A	[G]
1338794	TCGG	[T]
1915427	G	[A]
1816107	C	[T]
1728643	C	[T]
4056693	G	[T]
1021977	G	[A]
1300271	A	[AT]
462037	T	[C]
1469564	C	[CGA]
1951764	G	[A]
4338603	G	[A]
251710	C	[T]
2056184	C	[T]
569953	T	[C]
4121675	C	[T]
2421867	G	[A]
4016262	C	[T]
333209	ACCG	[GCTC]
3464451	G	[C]
1215049	G	[A]
930814	CCCGCTTGG	[C]
1694926	C	[A]
841924	C	[T]
4338732	G	[A]
177175	G	[C]
1200418	A	[G]
4070487	G	[T]
4382968	C	[T]
2794344	TG	[T]
3494170	G	[A]
277862	G	[T]
2173997	C	[G]
1058251	T	[C]
2062735	T	[C]
2897842	G	[C]
3943705	C	[A]
4328317	G	[A]
2614558	T	[TG]
3743656	G	[A]
1209662	C	[T]
3849625	G	[T]
1728664	C	[T]
3557244	C	[G]
610910	GT	[G]
986515	C	[T]
3593456	C	[T]
2945004	C	[G]
3939347	A	[C]
921909	C	[T]
1540976	C	[T]
3306594	T	[G]
3005734	T	[G]
333184	A	[G]
2725884	T	[G]
277765	T	[C]
3580233	C	[T]
2930057	G	[C]
4062447	C	[T]
2828104	C	[T]
2969101	G	[T]
466808	G	[C]
2632341	C	[CA]
1269028	G	[C]
4019103	G	[T]
546866	C	[T]
965967	G	[A]
769663	T	[G]
148481	C	[A]
2732930	G	[A]
2740380	C	[A]
1757579	CA	[C]
996346	G	[A]
1267171	CCGGGCCGTTCCACGGCCCGTATCGTCGCCGCGCTGTGCTGGATTGCGCGGCTTCTCCT	[C]
3202331	C	[T]
31142	C	[T]
218599	T	[C]
1539508	G	[A]
3177452	C	[A]
2534120	T	[G]
50005	G	[A]
3312942	G	[A]
27492	T	[A]
3846820	T	[C]
177057	CTTCGCGG	[C]
759546	A	[G]
1862262	A	[C]
1357234	C	[T]
3943180	C	[A]
2983613	G	[A]
4025580	CG	[C]
4221028	CCGTA	[C]
4099281	C	[T]
2084697	G	[T]
4091760	C	[A]
1026916	C	[CGG]
4278324	G	[C]
3336646	T	[A]
104773	CAA	[TAG]
1564311	AC	[A]
2310831	C	[T]
2759534	C	[G]
89535	C	[T]
47343	G	[A]
2078712	G	[C]
3015054	GC	[G]
2058219	G	[A]
976043	G	[T]
1981099	C	[T]
1374201	A	[G]
2393341	C	[A]
1022003	A	[C]
4317860	G	[C]
3351012	C	[T]
4336530	T	[C]
3868255	C	[T]
3204337	C	[T]
3113589	T	[TA]
3053686	G	[A]
3770705	GC	[G]
295648	G	[A]
333406	G	[C]
1061813	C	[T]
697086	C	[T]
466848	TGGCAGCCGG	[T]
333423	TCAGGATAG	[ACACGGTAA]
3190342	G	[A]
3942897	G	[A]
1855572	G	[GA]
3799957	A	[G]
2970019	G	[A]
3724397	G	[A]
2801175	G	[A]
2603515	A	[G]
3546362	C	[G]
2489226	T	[C]
1959824	C	[T]
3559121	C	[T]
889034	CAT	[TGA]
2049673	T	[G]
4169763	A	[G]
4076651	C	[T]
1177157	G	[A]
3875022	G	[C]
3208522	G	[A]
3930807	A	[T]
2386083	G	[A]
944296	A	[G]
258128	T	[G]
27487	G	[A]
2581689	A	[C]
3610335	G	[T]
3387022	GC	[G]
3501014	C	[T]
1613118	A	[G]
3755846	A	[G]
1775167	G	[A]
999365	G	[C]
104767	C	[T]
3379712	G	[C]
4216745	T	[C]
2443267	C	[T]
1164272	C	[T]
767516	G	[T]
1524904	A	[G]
2541477	C	[G]
2123169	T	[G]
2135870	T	[C]
65533	G	[A]
2976575	G	[A]
1673425	C	[T]
2470485	G	[T]
3086788	T	[C]
1453165	C	[G]
3102214	A	[G]
2234084	G	[A]
4336570	AG	[A]
3239726	CATCACCATCGAA	[C]
547575	G	[T]
2424954	A	[C]
921813	C	[G]
1836857	G	[T]
3067961	G	[A]
3546879	A	[C]
1264514	G	[A]
2471337	C	[A]
2703968	A	[G]
163320	A	[G]
611048	T	[G]
2038707	T	[G]
886661	C	[T]
3720819	C	[T]
2268397	C	[T]
3613636	T	[C]
2232733	G	[C]
4054741	C	[T]
4075659	G	[A]
4318424	TC	[G]
1895249	G	[T]
1793769	C	[T]
3405062	A	[G]
4264381	G	[GC]
2125863	C	[T]
4273574	T	[G]
1895517	T	[G]
3364677	G	[A]
544805	C	[A]
1107434	A	[T]
13074	G	[A]
2582324	G	[A]
697855	T	[C]
1302920	G	[A]
1708800	T	[C]
3835223	C	[T]
2632587	G	[C]
472705	T	[C]
1906321	A	[C]
1034713	GT	[G]
336504	G	[T]
2969308	A	[C]
1697896	C	[T]
1702851	G	[A]
1338831	A	[C]
2732939	G	[A]
1198141	AC	[GA]
2954809	A	[G]
1932687	C	[T]
3908062	C	[T]
2226213	G	[A]
295716	GTCAAAATATA	[G]
3302491	G	[A]
1232320	C	[T]
3529290	G	[A]
1902378	T	[C]
4316598	A	[C]
916429	C	[A]
3970636	G	[A]
767670	T	[C]
11311	A	[C]
1179141	T	[G]
3359584	G	[A]
3381228	G	[A]
610968	C	[T]
4205432	AT	[A]
2059235	T	[C]
181090	C	[T]
4215170	C	[T]
780652	G	[A]
1197157	T	[G]
4320002	G	[A]
3290578	A	[AC]
1774712	C	[T]
851562	G	[A]
2074514	G	[C]
2440323	C	[G]
937545	C	[T]
63146	G	[T]
940454	A	[C]
2030312	C	[T]
2500892	C	[T]
3115397	C	[A]
2562548	G	[A]
1056756	C	[T]
4115952	C	[T]
2603471	T	[G]
3232815	A	[G]
1616354	T	[G]
2281116	C	[T]
1753483	T	[C]
3581314	C	[T]
3970594	C	[G]
1119948	C	[T]
66892	C	[G]
4047653	C	[T]
2187363	T	[C]
1170848	G	[A]
1354151	G	[GA]
930496	C	[G]
2608527	T	[C]
2157367	A	[C]
2638441	T	[G]
3215622	CG	[C]
3053737	C	[T]
800219	T	[C]
1821	G	[T]
156502	T	[C]
130864	C	[T]
86470	T	[G]
1175498	T	[G]
1541949	GC	[G]
3880175	C	[A]
3691083	G	[A]
161514	C	[T]
1021776	A	[G]
2268235	C	[T]
1302899	A	[G]
769679	A	[C]
3429605	G	[A]
786137	A	[C]
2049645	C	[G]
3331773	G	[C]
1981056	C	[T]
1442734	C	[G]
4387083	G	[C]
1803290	A	[C]
1855540	C	[T]
4348820	G	[GGC]
1163749	G	[A]
2637162	C	[T]
3405089	T	[C]
2207253	A	[C]
1728603	C	[T]
711645	C	[T]
1024095	A	[G]
1170699	C	[T]
2632500	A	[G]
1616831	A	[G]
675976	A	[G]
2162922	C	[G]
3477603	C	[T]
3494295	GGC	[G]
2881496	G	[A]
952762	G	[C]
3989107	C	[T]
251678	A	[G]
4321479	G	[A]
2048979	T	[C]
33929	C	[T]
3457514	G	[C]
385158	G	[A]
4040719	T	[C]
852361	G	[A]
697114	G	[A]
2559663	C	[G]
3407885	C	[G]
1965434	A	[G]
2261695	G	[A]
2047654	A	[G]
1176926	C	[T]
4212174	T	[C]
4216783	A	[C]
2983873	A	[G]
2968913	T	[C]
2945042	GCC	[CCT]
2120777	C	[T]
3168492	G	[A]
800204	T	[C]
1446005	T	[C]
47317	A	[G]
2973640	T	[C]
2987641	C	[A]
1951800	T	[G]
712129	G	[C]
1694199	C	[T]
3189664	T	[C]
2965900	C	[T]
3208394	G	[A]
4356667	G	[A]
1947001	T	[G]
996437	C	[CA]
3893290	G	[A]
79480	T	[C]
987000	TC	[T]
4067326	C	[A]
2271820	A	[G]
3114814	G	[A]
4082805	G	[A]
2138767	G	[C]
2634458	G	[C]
467150	C	[A]
4190584	AC	[A]
3241999	A	[G]
1588525	AGTGG	[A]
2440187	T	[TG]
483954	C	[A]
798815	C	[T]
2138436	A	[G]
3318260	T	[C]
4057076	C	[A]
2068884	G	[T]
4212162	CA	[C]
3909762	AGCAGACGCAGAATCGCCCATTTCGGCACGAAATTGGGCGATTCTGCGTCTGCTCGC	[A]
241465	G	[GCCGTCGCAAAC]
2326813	G	[A]
3611192	C	[T]
736249	G	[GC]
2795265	GC	[G]
1159746	AGC	[A]
3943744	CCGGCAACGG	[C]
1445474	G	[A]
2167315	C	[T]
2342999	G	[C]
1168701	G	[C]
1775188	C	[T]
4360109	A	[G]
671961	C	[T]
1175537	T	[C]
2982422	A	[G]
888647	C	[T]
875034	G	[A]
2638123	A	[G]
3847130	G	[A]
3580606	C	[T]
231589	T	[C]
1067529	C	[T]
889003	C	[T]
1338837	A	[G]
3965554	G	[A]
2358104	G	[C]
296671	G	[C]
4057146	C	[T]
3343150	T	[C]
2860436	G	[A]
2575297	G	[T]
4320646	G	[C]
1409474	G	[T]
3239789	CGGCAAAGCCGGC	[GGAGGT]
1902337	A	[C]
3671843	A	[C]
4126514	GGT	[G]
59871	G	[A]
2851736	C	[G]
2626600	G	[A]
2260094	T	[C]
2726051	G	[A]
3720792	T	[G]
3487716	G	[T]
2551558	C	[G]
1287047	CCGCCGTCAACTTG	[C]
2367060	TA	[T]
591009	G	[A]
48197	C	[CGG]
1784404	C	[G]
2153021	C	[T]
4132509	G	[A]
257788	G	[GAGGATCATCAAGGGTGCGTCGCGGAAGTA]
11055	C	[G]
3957395	A	[G]
4408899	G	[A]
212254	G	[A]
314180	T	[G]
1093322	C	[T]
1718720	A	[G]
978350	C	[T]
3943680	G	[A]
3837293	G	[A]
1696671	CA	[C]
3357464	C	[G]
1593347	C	[T]
4018305	G	[A]
1987064	C	[T]
1712171	C	[A]
4391076	C	[G]
3849699	GA	[G]
1108576	C	[T]
4126530	G	[A]
580699	G	[T]
2289245	TC	[T]
339230	G	[C]
2510350	C	[G]
875664	C	[T]
3020504	G	[C]
1108521	G	[A]
1338517	CCGATCTTAGGGCCA	[C]
1172834	CT	[C]
1989742	T	[G]
3995746	G	[T]
3380226	A	[G]
117566	T	[G]
1050367	C	[T]
3650189	A	[G]
1771	A	[C]
4374372	CG	[C]
1215076	C	[A]
104712	C	[T]
2927928	G	[A]
3079065	A	[G]
2916261	A	[T]
2968939	T	[C]
3318047	TC	[T]
798779	T	[C]
701351	G	[C]
2882113	G	[A]
1692795	G	[C]
2232577	C	[G]
1696464	C	[G]
3219263	T	[C]
4046218	G	[A]
2953379	C	[A]
1264224	C	[T]
2948573	G	[A]
1735785	A	[G]
3380082	T	[C]
85610	A	[G]
3122096	C	[T]
3184756	C	[A]
4338596	CTCTA	[TCTG]
4320050	A	[G]
1895174	C	[T]
226676	G	[A]
463336	T	[C]
3700680	G	[C]
49976	C	[T]
4340028	G	[C]
2138245	CTGGTAATCCATTG	[C]
2703902	C	[CG]
3030990	T	[C]
2968452	G	[A]
3393361	C	[G]
27495	CG	[C]
152260	C	[T]
1525160	G	[A]
610105	T	[G]
4252878	TCGT	[ACCCACGGTTTTTG]
4278269	A	[G]
1855561	C	[CG]
2260467	G	[A]
147812	GC	[G]
4169891	C	[G]
4299695	G	[C]
2115689	C	[T]
2453673	CTGT	[C]
4359828	G	[A]
3505300	C	[T]
2881661	G	[T]
1753473	G	[C]
1477023	AC	[A]
1077852	A	[G]
396195	A	[G]
1159403	C	[T]
3942655	G	[A]
3854899	T	[C]
79303	T	[G]
3312008	C	[G]
2980911	G	[A]
1243509	G	[T]
78910	T	[C]
4323956	A	[G]
712313	C	[A]
439796	A	[G]
2074613	A	[C]
1825916	G	[T]
466923	C	[T]
4195843	A	[C]
2828058	G	[T]
1686269	C	[T]
3725887	G	[A]
618279	A	[G]
2881669	A	[C]
3875230	A	[G]
1701215	C	[T]
3892133	A	[G]
2580310	G	[A]
3214299	G	[A]
2225362	T	[TA]
3794884	G	[A]
1276005	A	[G]
2200713	G	[A]
3190556	G	[A]
2794275	T	[C]
1695037	G	[A]
177065	ATGAGGGTGTAGGGCGG	[A]
4243217	C	[G]
79361	G	[C]
2265198	C	[A]
4047682	C	[T]
27455	T	[C]
3821926	G	[C]
104785	A	[G]
542014	C	[G]
3710382	T	[A]
377879	C	[A]
1543305	C	[CA]
557299	G	[A]
3875017	G	[T]
2538372	G	[C]
1173806	C	[A]
809915	A	[C]
4317525	G	[A]
3669551	C	[T]
33804	G	[A]
2987643	T	[G]
4162297	C	[T]
927832	T	[C]
3414230	G	[A]
1690027	A	[G]
3559192	G	[A]
1277869	G	[GT]
780474	AT	[A]
2881358	C	[A]
851475	T	[G]
3755443	G	[A]
3894032	T	[A]
2109474	C	[T]
3448439	GA	[G]
2357536	C	[T]
3408349	T	[C]
3862936	T	[G]
2364783	T	[G]
2495449	T	[C]
841925	A	[C]
2261693	G	[C]
2822393	C	[A]
2506183	G	[A]
2223214	T	[G]
1015342	G	[T]
3607101	T	[C]
3430358	C	[CATGTACAA]
2959272	T	[C]
3493685	A	[C]
2186189	T	[A]
4254334	A	[AT]
679173	T	[C]
3820407	A	[G]
1775306	CCATG	[C]
1081735	G	[GT]
1634633	ACCT	[TCCA]
3846791	A	[G]
4400178	G	[C]
3700355	A	[G]
2946326	T	[C]
154191	A	[G]
2401825	TGGCTCCTCCTCACCCCGTTACCCGGGGCGCATCGTCGCCGAGCTCGATTTGATTGCCC	[T]
2534937	G	[C]
2926153	T	[C]
3962438	G	[T]
2881244	A	[G]
4195390	A	[T]
4076639	CG	[C]
3493873	G	[A]
27463	C	[G]
3907020	A	[C]
2320754	C	[CA]
2975903	C	[T]
3477644	G	[C]
2600689	T	[C]
2270546	G	[A]
640129	C	[T]
1731338	T	[C]
287098	C	[T]
1096508	CCT	[GCC]
2109498	T	[C]
1606157	A	[G]
3168309	T	[C]
1775312	A	[C]
75264	C	[T]
2969197	A	[G]
2198515	C	[A]
2881519	G	[T]
4376098	G	[A]
1176753	T	[C]
850225	C	[G]
3755349	C	[T]
26957	CGC	[GGG]
154217	G	[A]
993723	T	[C]
1489971	C	[T]
3336528	T	[A]
1111553	GAACCAC	[AGGAA]
361159	T	[C]
2878550	G	[A]
3243583	C	[G]
3558418	A	[T]
2238930	A	[C]
3178445	C	[G]
11410	G	[A]
196841	G	[A]
4386896	G	[A]
1662331	G	[T]
2869242	T	[C]
2582761	T	[G]
3041557	T	[C]
1573968	C	[T]
1272321	C	[A]
2268433	C	[A]
960324	CG	[C]
2142250	C	[T]
3880675	T	[TA]
3119945	G	[A]
41244	C	[A]
2821612	T	[C]
2228925	A	[C]
3015119	CT	[C]
287141	GC	[G]
2046859	T	[C]
1957665	A	[C]
80616	C	[G]
4266937	C	[T]
386060	T	[C]
149420	C	[G]
3415051	G	[C]
3028074	G	[T]
2115746	C	[G]
2307572	A	[G]
1170861	C	[T]
2852811	A	[C]
1941823	C	[T]
932252	C	[A]
71584	C	[CCGAGCGCTGTTCTGGCGCTAATCTGACGCTAGAATAG]
1906252	T	[C]
302846	GC	[G]
1672389	T	[C]
131171	GCGT	[CCGTG]
811218	A	[G]
3150049	G	[T]
467577	T	[G]
684376	T	[C]
133862	G	[A]
579284	T	[C]
1386751	GCGTGTTTGCCTGGAT	[G]
3031672	T	[C]
2226221	G	[A]
2074565	C	[G]
2453414	GT	[AG]
3119513	C	[T]
3901208	C	[T]
2512392	AG	[A]
3110140	G	[T]
466947	C	[G]
2881966	T	[C]
1619757	C	[T]
2636931	AACACCGAAAAATTCACCACTACCG	[A]
4079863	C	[G]
3542049	G	[A]
4052966	C	[T]
268628	C	[T]
860892	G	[A]
3611286	GC	[G]
2562585	T	[C]
3302589	A	[C]
3287998	C	[T]
3379742	T	[C]
1341318	T	[TA]
3546987	C	[T]
1976367	G	[C]
4327484	T	[C]
149323	C	[T]
3907324	G	[T]
4041408	CA	[C]
2752260	G	[C]
2965387	T	[C]
1630596	G	[C]
439711	T	[C]
4096129	G	[A]
3348769	C	[T]
3875781	T	[C]
296717	C	[G]
4386364	C	[T]
4137190	T	[C]
2263278	C	[T]
1232634	A	[G]
1656788	C	[T]
2881542	C	[G]
3482717	A	[G]
295855	A	[C]
2626196	A	[G]
2970036	C	[T]
2205550	A	[G]
978349	T	[C]
1779243	T	[G]
2638432	TCCAG	[GTTGT]
63059	C	[G]
1159850	G	[A]
3902910	G	[C]
1096631	TGT	[GGG]
4190596	A	[C]
2726115	CT	[C]
3936761	A	[G]
2136137	A	[G]
2103173	GC	[G]
2529299	G	[A]
4196509	G	[T]
696917	G	[T]
2225365	T	[C]
1061858	C	[T]
1968172	G	[T]
3907629	T	[C]
4076869	A	[G]
13069	C	[G]
4180677	G	[A]
1855625	C	[T]
3479963	AC	[A]
924800	G	[A]
2017689	A	[G]
3599692	G	[T]
4221070	AC	[A]
3068286	C	[T]
1468150	C	[T]
1168776	T	[G]
1728615	A	[C]
3536093	G	[A]
2753008	C	[T]
1505909	G	[C]
3486505	T	[G]
1933953	A	[G]
3558726	GAGT	[G]
696916	C	[A]
2500730	T	[G]
2053320	G	[T]
3379757	A	[C]
1172164	G	[A]
4235304	T	[TC]
2039123	T	[C]
3965359	T	[C]
9841	C	[T]
2150938	G	[A]
2368596	C	[T]
934250	C	[G]
3051714	T	[C]
1024057	TC	[T]
3801618	G	[A]
11820	C	[G]
753392	T	[C]
1029386	G	[GCGCC]
3079190	C	[A]
3458089	A	[C]
1159162	C	[G]
3875137	C	[A]
2238918	T	[C]
2582238	CG	[C]
295644	C	[T]
53422	G	[A]
2167556	A	[C]
3348536	C	[T]
1673432	T	[A]
561776	CC	[TT]
1708792	T	[C]
1277763	C	[T]
3956270	A	[G]
136160	AT	[A]
2983095	A	[G]
4080872	T	[C]
712082	C	[G]
1076689	A	[C]
2552436	C	[T]
177150	G	[C]
1262230	C	[T]
4121585	G	[C]
4321515	C	[A]
3846667	A	[G]
123842	C	[T]
2156618	G	[C]
625536	A	[G]
4075892	C	[T]
3423242	T	[C]
1275608	G	[T]
3135606	A	[G]
688130	C	[G]
2258014	G	[A]
3942651	G	[C]
714158	GT	[G]
2881455	A	[G]
79281	C	[CCCACAT]
4093111	G	[A]
699840	A	[C]
1593456	C	[T]
3799116	A	[G]
10965	C	[G]
2980861	A	[G]
4348724	ACCCGCGCCGGCGACGATGCAAAGCGCAGCGATGAGGAGGAGCGGCGCCAACGG	[A]
4266877	T	[C]
1947645	T	[G]
3778311	G	[A]
1075279	T	[C]
3953382	T	[G]
800357	C	[A]
2271829	C	[T]
1216436	C	[T]
3242138	A	[C]
408515	G	[A]
2881337	C	[T]
258902	C	[A]
4243225	C	[A]
1325650	G	[A]
781435	G	[C]
2357268	TGCC	[T]
3834658	G	[A]
507028	GC	[G]
2463094	G	[A]
2048940	C	[A]
452288	C	[T]
4057081	A	[G]
4040976	A	[C]
1163710	C	[T]
4001622	T	[C]
1487037	G	[C]
1272170	C	[T]
4198611	CG	[C]
2637088	C	[T]
3721140	GC	[G]
3972492	G	[T]
1563686	G	[T]
2170681	C	[T]
143901	C	[T]
2429954	C	[A]
4099377	G	[A]
4243218	C	[G]
3001907	T	[C]
1815222	T	[C]
1264381	A	[G]
2147641	C	[CGTTAGTTCATGCGTA]
640914	C	[T]
3875819	C	[T]
2726136	C	[T]
27518	TA	[T]
4224966	G	[A]
1681147	G	[A]
1437284	G	[A]
932004	C	[G]
4101018	C	[T]
3075440	A	[G]
947429	TC	[AA]
2698312	G	[A]
1169152	G	[A]
3447293	T	[G]
3893839	G	[A]
684362	T	[C]
2049495	C	[T]
301687	C	[T]
942479	T	[C]
3310427	T	[C]
3908045	A	[T]
3485117	A	[C]
1287160	A	[C]
2726142	G	[A]
1161290	G	[A]
295989	G	[A]
2634337	C	[T]
546841	G	[C]
1159279	G	[A]
4243221	C	[T]
3346121	A	[T]
1793945	G	[A]
2554927	G	[A]
2532017	G	[C]
2626189	CGC	[AGT]
1179279	C	[T]
918799	T	[C]
2137521	A	[ACTCCGATCAC]
